Type,EDI_Std_Nomenclature,W,A,Ht,h,B,b,tnom,tdes,Ix,Zx,Sx,rx,Iy,Zy,Sy,ry,J
HSS,,412.0,49200,864.0,792.0,254.0,183.0,25.4,23.6,4000.0,12300.0,9260.0,284.0,558.0,5030.0,4390.0,106.0,1680000.0
HSS,,364.0,43400,864.0,803.0,254.0,192.0,22.2,20.7,3580.0,10900.0,8290.0,287.0,504.0,4490.0,3970.0,108.0,1510000.0
HSS,,315.0,37500,864.0,810.0,254.0,201.0,19.1,17.7,3140.0,9540.0,7280.0,290.0,445.0,3930.0,3520.0,109.0,1330000.0
HSS,,266.0,31500,864.0,820.0,254.0,210.0,15.9,14.8,2680.0,8080.0,6190.0,292.0,385.0,3360.0,3030.0,110.0,1130000.0
HSS,,372.0,44300,762.0,691.0,254.0,183.0,25.4,23.6,2870.0,9930.0,7540.0,254.0,491.0,4470.0,3880.0,105.0,1440000.0
HSS,,329.0,39200,762.0,701.0,254.0,192.0,22.2,20.7,2580.0,8850.0,6770.0,257.0,445.0,4010.0,3520.0,107.0,1290000.0
HSS,,285.0,33900,762.0,709.0,254.0,201.0,19.1,17.7,2260.0,7720.0,5950.0,259.0,396.0,3520.0,3110.0,108.0,1140000.0
HSS,,240.0,28600,762.0,719.0,254.0,210.0,15.9,14.8,1930.0,6550.0,5080.0,259.0,341.0,3000.0,2690.0,109.0,970000.0
HSS,,194.0,23100,762.0,726.0,254.0,219.0,12.7,11.8,1590.0,5340.0,4160.0,262.0,283.0,2440.0,2230.0,111.0,795000.0
HSS,,315.0,37500,610.0,556.0,508.0,455.0,19.1,17.7,2060.0,8010.0,6770.0,234.0,1560.0,7080.0,6150.0,204.0,2810000.0
HSS,,266.0,31500,610.0,566.0,508.0,465.0,15.9,14.8,1760.0,6770.0,5750.0,236.0,1330.0,5980.0,5230.0,205.0,2370000.0
HSS,,214.0,25500,610.0,574.0,508.0,472.0,12.7,11.8,1440.0,5510.0,4700.0,237.0,1090.0,4870.0,4280.0,207.0,1920000.0
HSS,,162.0,19300,610.0,584.0,508.0,483.0,9.53,8.86,1100.0,4200.0,3610.0,239.0,832.0,3700.0,3280.0,208.0,1460000.0
HSS,,136.0,16200,610.0,587.0,508.0,485.0,7.95,7.39,928.0,3520.0,3050.0,240.0,703.0,3110.0,2770.0,209.0,1230000.0
HSS,,300.0,35700,610.0,556.0,457.0,404.0,19.1,17.7,1910.0,7470.0,6260.0,231.0,1220.0,6150.0,5360.0,185.0,2370000.0
HSS,,253.0,30100,610.0,566.0,457.0,414.0,15.9,14.8,1620.0,6330.0,5330.0,232.0,1040.0,5210.0,4570.0,186.0,2000000.0
HSS,,204.0,24300,610.0,574.0,457.0,422.0,12.7,11.8,1330.0,5150.0,4360.0,234.0,857.0,4230.0,3750.0,188.0,1630000.0
HSS,,155.0,18400,610.0,584.0,457.0,432.0,9.53,8.86,1020.0,3930.0,3340.0,235.0,658.0,3230.0,2880.0,189.0,1240000.0
HSS,,130.0,15400,610.0,587.0,457.0,434.0,7.95,7.39,857.0,3290.0,2820.0,236.0,554.0,2720.0,2430.0,190.0,1040000.0
HSS,,285.0,33900,610.0,556.0,406.0,353.0,19.1,17.7,1750.0,6950.0,5740.0,227.0,937.0,5260.0,4600.0,166.0,1950000.0
HSS,,240.0,28600,610.0,566.0,406.0,363.0,15.9,14.8,1490.0,5880.0,4880.0,228.0,799.0,4460.0,3930.0,167.0,1650000.0
HSS,,194.0,23100,610.0,574.0,406.0,371.0,12.7,11.8,1220.0,4790.0,4000.0,230.0,658.0,3640.0,3230.0,169.0,1340000.0
HSS,,147.0,17500,610.0,584.0,406.0,381.0,9.53,8.86,937.0,3650.0,3080.0,232.0,504.0,2770.0,2490.0,170.0,1020000.0
HSS,,123.0,14600,610.0,587.0,406.0,384.0,7.95,7.39,791.0,3080.0,2590.0,232.0,429.0,2340.0,2100.0,171.0,862000.0
HSS,,270.0,32100,610.0,556.0,356.0,302.0,19.1,17.7,1590.0,6410.0,5210.0,223.0,691.0,4420.0,3880.0,147.0,1550000.0
HSS,,228.0,27000,610.0,566.0,356.0,312.0,15.9,14.8,1360.0,5440.0,4460.0,224.0,591.0,3750.0,3330.0,148.0,1320000.0
HSS,,184.0,21900,610.0,574.0,356.0,320.0,12.7,11.8,1120.0,4420.0,3650.0,226.0,487.0,3060.0,2740.0,149.0,1070000.0
HSS,,140.0,16600,610.0,584.0,356.0,330.0,9.53,8.86,857.0,3390.0,2800.0,227.0,375.0,2340.0,2110.0,150.0,820000.0
HSS,,117.0,13900,610.0,587.0,356.0,333.0,7.95,7.39,724.0,2850.0,2380.0,228.0,318.0,1970.0,1790.0,151.0,691000.0
HSS,,94.1,11200,610.0,592.0,356.0,338.0,6.35,5.92,587.0,2290.0,1920.0,229.0,258.0,1600.0,1450.0,152.0,558000.0
HSS,,331.0,39500,610.0,538.0,305.0,234.0,25.4,23.6,1810.0,7520.0,5930.0,214.0,608.0,4620.0,3980.0,124.0,1510000.0
HSS,,294.0,35000,610.0,549.0,305.0,243.0,22.2,20.7,1630.0,6720.0,5340.0,216.0,549.0,4130.0,3610.0,125.0,1350000.0
HSS,,255.0,30400,610.0,556.0,305.0,252.0,19.1,17.7,1430.0,5880.0,4700.0,217.0,487.0,3620.0,3200.0,126.0,1190000.0
HSS,,215.0,25500,610.0,566.0,305.0,262.0,15.9,14.8,1220.0,4980.0,4020.0,219.0,416.0,3080.0,2740.0,128.0,1010000.0
HSS,,174.0,20700,610.0,574.0,305.0,269.0,12.7,11.8,1010.0,4060.0,3310.0,220.0,345.0,2520.0,2260.0,129.0,824000.0
HSS,,132.0,15700,610.0,584.0,305.0,279.0,9.53,8.86,774.0,3110.0,2540.0,222.0,267.0,1930.0,1750.0,131.0,633000.0
HSS,,111.0,13200,610.0,587.0,305.0,282.0,7.95,7.39,653.0,2620.0,2150.0,223.0,226.0,1630.0,1480.0,131.0,533000.0
HSS,,89.1,10600,610.0,592.0,305.0,287.0,6.35,5.92,533.0,2110.0,1740.0,224.0,184.0,1320.0,1210.0,132.0,429000.0
HSS,,154.0,18300,610.0,574.0,203.0,168.0,12.7,11.8,791.0,3360.0,2610.0,208.0,140.0,1530.0,1380.0,87.4,398000.0
HSS,,117.0,13900,610.0,584.0,203.0,177.0,9.53,8.86,612.0,2570.0,2020.0,210.0,109.0,1180.0,1080.0,88.9,308000.0
HSS,,98.0,11700,610.0,587.0,203.0,181.0,7.95,7.39,520.0,2160.0,1700.0,211.0,93.2,1000.0,918.0,89.4,260000.0
HSS,,78.9,9420,610.0,592.0,203.0,185.0,6.35,5.92,420.0,1750.0,1380.0,212.0,76.2,811.0,751.0,90.2,211000.0
HSS,,412.0,49200,559.0,488.0,559.0,488.0,25.4,23.6,2310.0,9770.0,8280.0,217.0,2310.0,9770.0,8280.0,217.0,3700000.0
HSS,,364.0,43400,559.0,498.0,559.0,498.0,22.2,20.7,2070.0,8690.0,7410.0,218.0,2070.0,8690.0,7410.0,218.0,3280000.0
HSS,,315.0,37600,559.0,505.0,559.0,505.0,19.1,17.7,1810.0,7570.0,6470.0,220.0,1810.0,7570.0,6470.0,220.0,2860000.0
HSS,,266.0,31500,559.0,516.0,559.0,516.0,15.9,14.8,1540.0,6390.0,5520.0,221.0,1540.0,6390.0,5520.0,221.0,2410000.0
HSS,,214.0,25500,559.0,523.0,559.0,523.0,12.7,11.8,1260.0,5190.0,4520.0,223.0,1260.0,5190.0,4520.0,223.0,1960000.0
HSS,,300.0,35700,559.0,505.0,508.0,455.0,19.1,17.7,1680.0,7080.0,6010.0,217.0,1450.0,6640.0,5720.0,201.0,2460000.0
HSS,,253.0,30100,559.0,516.0,508.0,465.0,15.9,14.8,1430.0,6000.0,5130.0,218.0,1240.0,5620.0,4870.0,203.0,2080000.0
HSS,,204.0,24300,559.0,523.0,508.0,472.0,12.7,11.8,1170.0,4870.0,4200.0,220.0,1020.0,4570.0,4000.0,204.0,1690000.0
HSS,,155.0,18400,559.0,533.0,508.0,483.0,9.53,8.86,899.0,3720.0,3210.0,221.0,778.0,3490.0,3060.0,206.0,1290000.0
HSS,,130.0,15400,559.0,536.0,508.0,485.0,7.95,7.39,758.0,3130.0,2720.0,222.0,658.0,2930.0,2590.0,207.0,1080000.0
HSS,,285.0,33900,559.0,505.0,457.0,404.0,19.1,17.7,1550.0,6590.0,5540.0,214.0,1140.0,5750.0,4980.0,183.0,2080000.0
HSS,,240.0,28600,559.0,516.0,457.0,414.0,15.9,14.8,1320.0,5590.0,4720.0,215.0,970.0,4870.0,4240.0,184.0,1760000.0
HSS,,194.0,23100,559.0,523.0,457.0,422.0,12.7,11.8,1080.0,4540.0,3870.0,216.0,795.0,3970.0,3490.0,186.0,1430000.0
HSS,,147.0,17500,559.0,533.0,457.0,432.0,9.53,8.86,832.0,3470.0,2980.0,218.0,612.0,3030.0,2690.0,187.0,1090000.0
HSS,,123.0,14600,559.0,536.0,457.0,434.0,7.95,7.39,699.0,2920.0,2510.0,219.0,516.0,2560.0,2260.0,188.0,916000.0
HSS,,270.0,32100,559.0,505.0,406.0,353.0,19.1,17.7,1420.0,6100.0,5060.0,210.0,866.0,4920.0,4260.0,164.0,1720000.0
HSS,,228.0,27000,559.0,516.0,406.0,363.0,15.9,14.8,1210.0,5180.0,4330.0,211.0,741.0,4160.0,3650.0,166.0,1460000.0
HSS,,184.0,21900,559.0,523.0,406.0,371.0,12.7,11.8,991.0,4210.0,3560.0,213.0,612.0,3390.0,3000.0,167.0,1190000.0
HSS,,140.0,16600,559.0,533.0,406.0,381.0,9.53,8.86,762.0,3230.0,2740.0,214.0,470.0,2610.0,2310.0,168.0,903000.0
HSS,,117.0,13900,559.0,536.0,406.0,384.0,7.95,7.39,645.0,2700.0,2310.0,215.0,397.0,2180.0,1950.0,169.0,762000.0
HSS,,94.1,11200,559.0,541.0,406.0,389.0,6.35,5.92,520.0,2200.0,1870.0,216.0,322.0,1770.0,1580.0,170.0,612000.0
HSS,,255.0,30400,559.0,505.0,356.0,302.0,19.1,17.7,1290.0,5620.0,4600.0,206.0,637.0,4110.0,3590.0,145.0,1370000.0
HSS,,215.0,25500,559.0,516.0,356.0,312.0,15.9,14.8,1100.0,4770.0,3930.0,207.0,549.0,3490.0,3080.0,146.0,1170000.0
HSS,,174.0,20700,559.0,523.0,356.0,320.0,12.7,11.8,903.0,3880.0,3230.0,209.0,450.0,2850.0,2540.0,148.0,953000.0
HSS,,132.0,15700,559.0,533.0,356.0,330.0,9.53,8.86,695.0,2980.0,2490.0,211.0,348.0,2200.0,1970.0,149.0,728000.0
HSS,,111.0,13200,559.0,536.0,356.0,333.0,7.95,7.39,587.0,2510.0,2100.0,211.0,295.0,1840.0,1660.0,150.0,612000.0
HSS,,89.1,10600,559.0,541.0,356.0,338.0,6.35,5.92,475.0,2020.0,1700.0,212.0,239.0,1490.0,1350.0,150.0,495000.0
HSS,,190.0,22600,559.0,516.0,254.0,210.0,15.9,14.8,878.0,3950.0,3130.0,197.0,256.0,2280.0,2020.0,106.0,649000.0
HSS,,154.0,18300,559.0,523.0,254.0,219.0,12.7,11.8,724.0,3230.0,2590.0,199.0,212.0,1870.0,1670.0,108.0,533000.0
HSS,,117.0,13900,559.0,533.0,254.0,227.0,9.53,8.86,558.0,2470.0,2000.0,201.0,165.0,1440.0,1300.0,109.0,410000.0
HSS,,98.0,11700,559.0,536.0,254.0,232.0,7.95,7.39,475.0,2100.0,1690.0,201.0,140.0,1210.0,1100.0,110.0,346000.0
HSS,,78.9,9420,559.0,541.0,254.0,236.0,6.35,5.92,384.0,1690.0,1370.0,202.0,114.0,983.0,901.0,110.0,281000.0
HSS,,372.0,44300,508.0,437.0,508.0,437.0,25.4,23.6,1710.0,7960.0,6720.0,196.0,1710.0,7960.0,6720.0,196.0,2750000.0
HSS,,329.0,39200,508.0,447.0,508.0,447.0,22.2,20.7,1530.0,7100.0,6020.0,197.0,1530.0,7100.0,6020.0,197.0,2440000.0
HSS,,285.0,33900,508.0,455.0,508.0,455.0,19.1,17.7,1340.0,6200.0,5290.0,199.0,1340.0,6200.0,5290.0,199.0,2130000.0
HSS,,240.0,28600,508.0,465.0,508.0,465.0,15.9,14.8,1140.0,5240.0,4510.0,200.0,1140.0,5240.0,4510.0,200.0,1800000.0
HSS,,194.0,23100,508.0,472.0,508.0,472.0,12.7,11.8,941.0,4280.0,3700.0,202.0,941.0,4280.0,3700.0,202.0,1460000.0
HSS,,147.0,17500,508.0,483.0,508.0,483.0,9.53,8.86,724.0,3260.0,2850.0,203.0,724.0,3260.0,2850.0,203.0,1120000.0
HSS,,123.0,14600,508.0,485.0,508.0,485.0,7.95,7.39,608.0,2740.0,2390.0,204.0,608.0,2740.0,2390.0,204.0,937000.0
HSS,,255.0,30400,508.0,455.0,406.0,353.0,19.1,17.7,1130.0,5310.0,4440.0,193.0,799.0,4560.0,3930.0,162.0,1490000.0
HSS,,215.0,25500,508.0,465.0,406.0,363.0,15.9,14.8,966.0,4510.0,3800.0,194.0,683.0,3870.0,3380.0,164.0,1270000.0
HSS,,174.0,20700,508.0,472.0,406.0,371.0,12.7,11.8,791.0,3670.0,3110.0,196.0,562.0,3160.0,2770.0,165.0,1030000.0
HSS,,132.0,15700,508.0,483.0,406.0,381.0,9.53,8.86,612.0,2820.0,2410.0,197.0,433.0,2430.0,2130.0,166.0,787000.0
HSS,,111.0,13200,508.0,485.0,406.0,384.0,7.95,7.39,516.0,2360.0,2030.0,198.0,367.0,2030.0,1800.0,167.0,662000.0
HSS,,89.1,10600,508.0,490.0,406.0,389.0,6.35,5.92,416.0,1920.0,1640.0,199.0,298.0,1640.0,1470.0,168.0,533000.0
HSS,,291.0,34700,508.0,437.0,305.0,234.0,25.4,23.6,1140.0,5640.0,4490.0,181.0,512.0,3950.0,3360.0,121.0,1170000.0
HSS,,258.0,30800,508.0,447.0,305.0,243.0,22.2,20.7,1030.0,5050.0,4060.0,183.0,462.0,3540.0,3050.0,123.0,1050000.0
HSS,,224.0,26800,508.0,455.0,305.0,252.0,19.1,17.7,911.0,4430.0,3590.0,184.0,411.0,3110.0,2700.0,124.0,924000.0
HSS,,189.0,22600,508.0,465.0,305.0,262.0,15.9,14.8,783.0,3770.0,3080.0,186.0,354.0,2650.0,2330.0,125.0,787000.0
HSS,,153.0,18300,508.0,472.0,305.0,269.0,12.7,11.8,645.0,3080.0,2540.0,188.0,293.0,2160.0,1920.0,127.0,641000.0
HSS,,117.0,13900,508.0,483.0,305.0,279.0,9.53,8.86,499.0,2360.0,1970.0,189.0,228.0,1670.0,1490.0,128.0,491000.0
HSS,,97.9,11700,508.0,485.0,305.0,282.0,7.94,7.39,420.0,2000.0,1660.0,190.0,193.0,1410.0,1270.0,129.0,415000.0
HSS,,250.0,29900,508.0,437.0,203.0,132.0,25.4,23.6,857.0,4470.0,3380.0,169.0,196.0,2310.0,1930.0,81.0,549000.0
HSS,,223.0,26600,508.0,447.0,203.0,141.0,22.2,20.7,783.0,4030.0,3080.0,171.0,180.0,2080.0,1770.0,82.3,499000.0
HSS,,194.0,23200,508.0,455.0,203.0,150.0,19.1,17.7,695.0,3540.0,2740.0,173.0,161.0,1840.0,1590.0,83.6,441000.0
HSS,,164.0,19500,508.0,465.0,203.0,159.0,15.9,14.8,599.0,3030.0,2360.0,175.0,141.0,1580.0,1390.0,84.8,381000.0
HSS,,133.0,15900,508.0,472.0,203.0,168.0,12.7,11.8,495.0,2490.0,1950.0,177.0,118.0,1300.0,1160.0,86.1,315000.0
HSS,,102.0,12100,508.0,483.0,203.0,177.0,9.53,8.86,385.0,1920.0,1520.0,179.0,92.4,1010.0,911.0,87.4,244000.0
HSS,,85.3,10100,508.0,485.0,203.0,181.0,7.94,7.39,327.0,1620.0,1290.0,180.0,78.7,852.0,777.0,88.1,206000.0
HSS,,152.0,18100,508.0,465.0,152.0,108.0,15.9,14.8,508.0,2650.0,2000.0,168.0,72.8,1100.0,957.0,63.5,220000.0
HSS,,123.0,14700,508.0,472.0,152.0,117.0,12.7,11.8,425.0,2200.0,1670.0,170.0,61.6,914.0,810.0,64.8,184000.0
HSS,,94.1,11200,508.0,483.0,152.0,126.0,9.53,8.86,330.0,1690.0,1300.0,172.0,49.1,711.0,642.0,66.0,144000.0
HSS,,79.0,9420,508.0,485.0,152.0,130.0,7.95,7.39,280.0,1430.0,1100.0,172.0,42.0,605.0,551.0,66.8,122000.0
HSS,,63.8,7610,508.0,490.0,152.0,135.0,6.35,5.92,229.0,1160.0,900.0,173.0,34.5,492.0,452.0,67.6,99900.0
HSS,,113.0,13500,508.0,472.0,102.0,66.0,12.7,11.8,349.0,1880.0,1370.0,161.0,24.4,557.0,480.0,42.7,81200.0
HSS,,86.4,10300,508.0,483.0,102.0,74.9,9.53,8.86,273.0,1460.0,1080.0,163.0,19.8,439.0,390.0,43.9,64900.0
HSS,,72.7,8650,508.0,485.0,102.0,79.5,7.94,7.39,233.0,1240.0,918.0,164.0,17.1,375.0,338.0,44.5,55800.0
HSS,,58.7,6970,508.0,490.0,102.0,83.8,6.35,5.92,191.0,1010.0,751.0,165.0,14.3,306.0,280.0,45.2,46200.0
HSS,,331.0,39500,457.0,386.0,457.0,386.0,25.4,23.6,1220.0,6340.0,5310.0,175.0,1220.0,6340.0,5310.0,175.0,1970000.0
HSS,,293.0,35000,457.0,396.0,457.0,396.0,22.2,20.7,1090.0,5670.0,4790.0,177.0,1090.0,5670.0,4790.0,177.0,1760000.0
HSS,,255.0,30400,457.0,404.0,457.0,404.0,19.1,17.7,966.0,4950.0,4230.0,178.0,966.0,4950.0,4230.0,178.0,1540000.0
HSS,,215.0,25500,457.0,414.0,457.0,414.0,15.9,14.8,824.0,4210.0,3610.0,180.0,824.0,4210.0,3610.0,180.0,1300000.0
HSS,,174.0,20700,457.0,422.0,457.0,422.0,12.7,11.8,678.0,3440.0,2970.0,181.0,678.0,3440.0,2970.0,181.0,1060000.0
HSS,,132.0,15700,457.0,432.0,457.0,432.0,9.53,8.86,520.0,2620.0,2280.0,182.0,520.0,2620.0,2280.0,182.0,807000.0
HSS,,111.0,13200,457.0,434.0,457.0,434.0,7.95,7.39,441.0,2210.0,1930.0,183.0,441.0,2210.0,1930.0,183.0,678000.0
HSS,,89.1,10600,457.0,439.0,457.0,439.0,6.35,5.92,358.0,1790.0,1570.0,184.0,358.0,1790.0,1570.0,184.0,549000.0
HSS,,164.0,19500,457.0,414.0,254.0,210.0,15.9,14.8,533.0,2880.0,2330.0,165.0,213.0,1920.0,1670.0,104.0,495000.0
HSS,,133.0,15900,457.0,422.0,254.0,219.0,12.7,11.8,441.0,2360.0,1920.0,166.0,177.0,1580.0,1390.0,106.0,407000.0
HSS,,102.0,12100,457.0,432.0,254.0,227.0,9.53,8.86,341.0,1820.0,1490.0,168.0,138.0,1220.0,1090.0,107.0,313000.0
HSS,,85.4,10100,457.0,434.0,254.0,232.0,7.95,7.39,289.0,1540.0,1270.0,169.0,117.0,1030.0,924.0,107.0,264000.0
HSS,,68.8,8190,457.0,439.0,254.0,236.0,6.35,5.92,236.0,1250.0,1030.0,170.0,95.7,834.0,755.0,108.0,214000.0
HSS,,152.0,18100,457.0,414.0,203.0,159.0,15.9,14.8,458.0,2560.0,2000.0,159.0,127.0,1440.0,1260.0,84.1,332000.0
HSS,,123.0,14700,457.0,422.0,203.0,168.0,12.7,11.8,380.0,2100.0,1660.0,161.0,107.0,1190.0,1050.0,85.3,274000.0
HSS,,94.1,11200,457.0,432.0,203.0,177.0,9.53,8.86,296.0,1620.0,1290.0,163.0,84.1,919.0,828.0,86.6,212000.0
HSS,,79.0,9420,457.0,434.0,203.0,181.0,7.95,7.39,251.0,1370.0,1100.0,164.0,71.6,778.0,705.0,87.4,180000.0
HSS,,63.8,7610,457.0,439.0,203.0,185.0,6.35,5.92,205.0,1110.0,896.0,164.0,58.7,633.0,577.0,87.9,146000.0
HSS,,164.0,19500,457.0,404.0,152.0,99.3,19.1,17.7,441.0,2590.0,1930.0,150.0,74.5,1150.0,977.0,61.7,221000.0
HSS,,139.0,16600,457.0,414.0,152.0,108.0,15.9,14.8,384.0,2210.0,1690.0,152.0,65.8,1000.0,864.0,63.0,192000.0
HSS,,113.0,13500,457.0,422.0,152.0,117.0,12.7,11.8,320.0,1840.0,1400.0,154.0,55.8,831.0,731.0,64.3,161000.0
HSS,,86.4,10300,457.0,432.0,152.0,126.0,9.53,8.86,251.0,1420.0,1100.0,156.0,44.1,647.0,582.0,65.5,126000.0
HSS,,72.7,8650,457.0,434.0,152.0,130.0,7.94,7.39,214.0,1200.0,934.0,157.0,38.0,549.0,498.0,66.3,107000.0
HSS,,58.7,6970,457.0,439.0,152.0,135.0,6.35,5.92,174.0,973.0,762.0,158.0,31.3,447.0,410.0,66.8,87400.0
HSS,,291.0,34700,406.0,335.0,406.0,335.0,25.4,23.6,828.0,4920.0,4080.0,155.0,828.0,4920.0,4080.0,155.0,1360000.0
HSS,,258.0,30800,406.0,345.0,406.0,345.0,22.2,20.7,749.0,4390.0,3690.0,156.0,749.0,4390.0,3690.0,156.0,1220000.0
HSS,,224.0,26800,406.0,353.0,406.0,353.0,19.1,17.7,662.0,3850.0,3260.0,157.0,662.0,3850.0,3260.0,157.0,1070000.0
HSS,,189.0,22600,406.0,363.0,406.0,363.0,15.9,14.8,570.0,3280.0,2800.0,159.0,570.0,3280.0,2800.0,159.0,903000.0
HSS,,153.0,18300,406.0,371.0,406.0,371.0,12.7,11.8,470.0,2690.0,2310.0,160.0,470.0,2690.0,2310.0,160.0,737000.0
HSS,,117.0,13900,406.0,381.0,406.0,381.0,9.53,8.86,363.0,2060.0,1790.0,162.0,363.0,2060.0,1790.0,162.0,562000.0
HSS,,97.9,11700,406.0,384.0,406.0,384.0,7.94,7.39,308.0,1740.0,1510.0,162.0,308.0,1740.0,1510.0,162.0,475000.0
HSS,,78.9,9420,406.0,389.0,406.0,389.0,6.35,5.92,250.0,1410.0,1230.0,163.0,250.0,1410.0,1230.0,163.0,383000.0
HSS,,250.0,29900,406.0,335.0,305.0,234.0,25.4,23.6,653.0,4000.0,3210.0,148.0,416.0,3280.0,2740.0,118.0,845000.0
HSS,,223.0,26600,406.0,345.0,305.0,243.0,22.2,20.7,595.0,3590.0,2920.0,149.0,379.0,2930.0,2490.0,119.0,762000.0
HSS,,194.0,23200,406.0,353.0,305.0,252.0,19.1,17.7,529.0,3160.0,2610.0,151.0,337.0,2590.0,2210.0,121.0,670000.0
HSS,,164.0,19500,406.0,363.0,305.0,262.0,15.9,14.8,454.0,2700.0,2230.0,152.0,291.0,2210.0,1920.0,122.0,570000.0
HSS,,133.0,15900,406.0,371.0,305.0,269.0,12.7,11.8,376.0,2210.0,1850.0,154.0,242.0,1820.0,1590.0,123.0,466000.0
HSS,,102.0,12100,406.0,381.0,305.0,279.0,9.53,8.86,292.0,1700.0,1440.0,155.0,188.0,1400.0,1230.0,125.0,359000.0
HSS,,85.4,10100,406.0,384.0,305.0,282.0,7.94,7.39,248.0,1440.0,1220.0,156.0,160.0,1180.0,1050.0,125.0,303000.0
HSS,,152.0,18100,406.0,363.0,254.0,210.0,15.9,14.8,397.0,2410.0,1950.0,148.0,191.0,1740.0,1500.0,103.0,420000.0
HSS,,123.0,14700,406.0,371.0,254.0,219.0,12.7,11.8,330.0,1980.0,1620.0,150.0,159.0,1430.0,1260.0,104.0,345000.0
HSS,,94.1,11200,406.0,381.0,254.0,227.0,9.53,8.86,256.0,1520.0,1260.0,151.0,124.0,1100.0,982.0,105.0,266000.0
HSS,,79.0,9420,406.0,384.0,254.0,232.0,7.95,7.39,218.0,1290.0,1070.0,152.0,106.0,934.0,834.0,106.0,224000.0
HSS,,63.8,7610,406.0,389.0,254.0,236.0,6.35,5.92,177.0,1040.0,873.0,153.0,86.6,759.0,682.0,107.0,182000.0
HSS,,187.0,22400,406.0,345.0,203.0,141.0,22.2,20.7,437.0,2790.0,2150.0,140.0,145.0,1700.0,1430.0,80.5,370000.0
HSS,,164.0,19500,406.0,353.0,203.0,150.0,19.1,17.7,391.0,2460.0,1920.0,141.0,131.0,1510.0,1280.0,81.8,329000.0
HSS,,139.0,16600,406.0,363.0,203.0,159.0,15.9,14.8,339.0,2110.0,1670.0,143.0,114.0,1300.0,1120.0,83.1,283000.0
HSS,,113.0,13500,406.0,371.0,203.0,168.0,12.7,11.8,283.0,1740.0,1390.0,145.0,95.7,1070.0,944.0,84.3,234000.0
HSS,,86.4,10300,406.0,381.0,203.0,177.0,9.53,8.86,221.0,1350.0,1090.0,147.0,75.3,832.0,742.0,85.6,181000.0
HSS,,72.7,8650,406.0,384.0,203.0,181.0,7.94,7.39,188.0,1140.0,924.0,147.0,64.5,705.0,634.0,86.4,154000.0
HSS,,58.7,6970,406.0,389.0,203.0,185.0,6.35,5.92,153.0,924.0,755.0,148.0,52.9,574.0,519.0,86.9,125000.0
HSS,,126.0,15000,406.0,363.0,152.0,108.0,15.9,14.8,282.0,1820.0,1390.0,137.0,58.7,896.0,769.0,62.5,166000.0
HSS,,103.0,12300,406.0,371.0,152.0,117.0,12.7,11.8,236.0,1500.0,1160.0,139.0,49.9,746.0,654.0,63.8,139000.0
HSS,,78.9,9420,406.0,381.0,152.0,126.0,9.53,8.86,185.0,1170.0,911.0,140.0,39.7,582.0,521.0,65.0,108000.0
HSS,,66.4,7870,406.0,384.0,152.0,130.0,7.95,7.39,158.0,988.0,777.0,141.0,34.0,495.0,447.0,65.5,92400.0
HSS,,53.6,6390,406.0,389.0,152.0,135.0,6.35,5.92,129.0,803.0,636.0,142.0,28.1,405.0,369.0,66.3,75300.0
HSS,,40.6,4810,406.0,394.0,152.0,139.0,4.78,4.42,98.6,610.0,485.0,143.0,21.6,308.0,283.0,67.1,57400.0
HSS,,113.0,13500,406.0,363.0,102.0,57.4,15.9,14.8,224.0,1520.0,1100.0,129.0,22.5,533.0,442.0,40.6,72400.0
HSS,,92.7,11100,406.0,371.0,102.0,66.0,12.7,11.8,189.0,1270.0,932.0,131.0,19.6,449.0,385.0,41.9,62400.0
HSS,,71.2,8520,406.0,381.0,102.0,74.9,9.53,8.86,150.0,987.0,737.0,133.0,15.9,356.0,313.0,43.4,49900.0
HSS,,60.0,7160,406.0,384.0,102.0,79.5,7.94,7.39,128.0,837.0,631.0,134.0,13.8,303.0,272.0,43.9,42900.0
HSS,,48.6,5780,406.0,389.0,102.0,83.8,6.35,5.92,105.0,683.0,518.0,135.0,11.5,249.0,226.0,44.7,35500.0
HSS,,36.7,4360,406.0,394.0,102.0,88.4,4.76,4.42,80.3,519.0,397.0,136.0,8.95,192.0,177.0,45.2,27300.0
HSS,,250.0,29900,356.0,284.0,356.0,284.0,25.4,23.6,537.0,3670.0,3020.0,134.0,537.0,3670.0,3020.0,134.0,887000.0
HSS,,223.0,26600,356.0,295.0,356.0,295.0,22.2,20.7,487.0,3290.0,2740.0,135.0,487.0,3290.0,2740.0,135.0,795000.0
HSS,,194.0,23200,356.0,302.0,356.0,302.0,19.1,17.7,433.0,2900.0,2440.0,137.0,433.0,2900.0,2440.0,137.0,699000.0
HSS,,164.0,19500,356.0,312.0,356.0,312.0,15.9,14.8,373.0,2470.0,2100.0,138.0,373.0,2470.0,2100.0,138.0,595000.0
HSS,,133.0,15900,356.0,320.0,356.0,320.0,12.7,11.8,309.0,2030.0,1740.0,139.0,309.0,2030.0,1740.0,139.0,487000.0
HSS,,102.0,12100,356.0,330.0,356.0,330.0,9.53,8.86,240.0,1560.0,1350.0,141.0,240.0,1560.0,1350.0,141.0,375000.0
HSS,,85.3,10100,356.0,333.0,356.0,333.0,7.94,7.39,204.0,1320.0,1150.0,142.0,204.0,1320.0,1150.0,142.0,316000.0
HSS,,68.8,8190,356.0,338.0,356.0,338.0,6.35,5.92,166.0,1070.0,934.0,142.0,166.0,1070.0,934.0,142.0,256000.0
HSS,,152.0,18100,356.0,312.0,305.0,262.0,15.9,14.8,330.0,2210.0,1850.0,135.0,260.0,2000.0,1700.0,120.0,466000.0
HSS,,123.0,14700,356.0,320.0,305.0,269.0,12.7,11.8,274.0,1820.0,1540.0,137.0,216.0,1640.0,1420.0,121.0,383000.0
HSS,,94.1,11200,356.0,330.0,305.0,279.0,9.53,8.86,213.0,1410.0,1200.0,138.0,169.0,1270.0,1100.0,123.0,295000.0
HSS,,79.0,9420,356.0,333.0,305.0,282.0,7.95,7.39,181.0,1190.0,1020.0,139.0,143.0,1070.0,939.0,123.0,249000.0
HSS,,63.8,7610,356.0,338.0,305.0,287.0,6.35,5.92,147.0,965.0,829.0,139.0,117.0,869.0,765.0,124.0,201000.0
HSS,,187.0,22400,356.0,295.0,254.0,192.0,22.2,20.7,369.0,2590.0,2080.0,128.0,217.0,2050.0,1700.0,98.6,458000.0
HSS,,164.0,19500,356.0,302.0,254.0,201.0,19.1,17.7,330.0,2290.0,1850.0,130.0,195.0,1820.0,1530.0,99.8,404000.0
HSS,,139.0,16600,356.0,312.0,254.0,210.0,15.9,14.8,286.0,1970.0,1610.0,131.0,169.0,1560.0,1340.0,101.0,346000.0
HSS,,113.0,13500,356.0,320.0,254.0,218.0,12.7,11.8,239.0,1620.0,1340.0,133.0,142.0,1290.0,1120.0,103.0,285000.0
HSS,,86.4,10300,356.0,330.0,254.0,227.0,9.53,8.86,186.0,1250.0,1050.0,134.0,111.0,995.0,875.0,104.0,220000.0
HSS,,72.7,8650,356.0,333.0,254.0,232.0,7.94,7.39,158.0,1060.0,890.0,135.0,94.5,842.0,746.0,105.0,186000.0
HSS,,58.7,6970,356.0,338.0,254.0,236.0,6.35,5.92,129.0,859.0,726.0,136.0,77.4,685.0,610.0,105.0,151000.0
HSS,,126.0,15000,356.0,312.0,203.0,159.0,15.9,14.8,242.0,1700.0,1360.0,127.0,101.0,1160.0,993.0,81.8,236000.0
HSS,,103.0,12300,356.0,320.0,203.0,168.0,12.7,11.8,203.0,1410.0,1140.0,129.0,84.9,959.0,836.0,83.1,195000.0
HSS,,78.9,9420,356.0,330.0,203.0,177.0,9.53,8.86,159.0,1090.0,895.0,130.0,67.0,746.0,659.0,84.3,151000.0
HSS,,66.4,7870,356.0,333.0,203.0,181.0,7.95,7.39,135.0,928.0,762.0,131.0,57.4,633.0,564.0,85.1,128000.0
HSS,,53.6,6390,356.0,338.0,203.0,185.0,6.35,5.92,111.0,754.0,623.0,132.0,47.0,515.0,462.0,85.9,104000.0
HSS,,40.6,4810,356.0,343.0,203.0,190.0,4.78,4.42,84.5,572.0,475.0,133.0,36.0,390.0,354.0,86.4,79100.0
HSS,,113.0,13500,356.0,312.0,152.0,108.0,15.9,14.8,199.0,1450.0,1120.0,121.0,51.6,793.0,675.0,61.7,139000.0
HSS,,92.7,11100,356.0,320.0,152.0,117.0,12.7,11.8,167.0,1210.0,941.0,123.0,43.7,662.0,575.0,63.0,116000.0
HSS,,71.2,8520,356.0,330.0,152.0,126.0,9.53,8.86,132.0,939.0,742.0,125.0,35.0,518.0,459.0,64.3,91200.0
HSS,,60.0,7160,356.0,333.0,152.0,130.0,7.94,7.39,113.0,796.0,634.0,125.0,30.1,441.0,395.0,64.8,77400.0
HSS,,48.6,5780,356.0,338.0,152.0,135.0,6.35,5.92,92.4,649.0,519.0,126.0,24.8,361.0,326.0,65.5,63300.0
HSS,,36.7,4360,356.0,343.0,152.0,139.0,4.76,4.42,70.8,493.0,398.0,127.0,19.1,274.0,251.0,66.3,48300.0
HSS,,101.0,12100,356.0,312.0,102.0,57.4,15.9,14.8,155.0,1200.0,873.0,114.0,19.6,467.0,387.0,40.4,61600.0
HSS,,82.6,9870,356.0,320.0,102.0,66.0,12.7,11.8,132.0,1000.0,742.0,116.0,17.1,395.0,338.0,41.7,52900.0
HSS,,63.6,7610,356.0,330.0,102.0,74.9,9.53,8.86,105.0,783.0,590.0,118.0,14.0,313.0,275.0,42.9,42500.0
HSS,,53.7,6400,356.0,333.0,102.0,79.5,7.94,7.39,89.9,665.0,506.0,119.0,12.2,269.0,239.0,43.7,36500.0
HSS,,43.5,5180,356.0,338.0,102.0,83.8,6.35,5.92,74.1,544.0,416.0,120.0,10.2,221.0,200.0,44.2,30100.0
HSS,,32.9,3910,356.0,343.0,102.0,88.4,4.76,4.42,57.0,415.0,320.0,120.0,7.91,169.0,155.0,45.0,23200.0
HSS,,210.0,25200,305.0,234.0,305.0,234.0,25.4,23.6,321.0,2590.0,2110.0,113.0,321.0,2590.0,2110.0,113.0,541000.0
HSS,,187.0,22400,305.0,243.0,305.0,243.0,22.2,20.7,294.0,2340.0,1930.0,115.0,294.0,2340.0,1930.0,115.0,487000.0
HSS,,164.0,19500,305.0,252.0,305.0,252.0,19.1,17.7,263.0,2080.0,1720.0,116.0,263.0,2080.0,1720.0,116.0,429000.0
HSS,,139.0,16600,305.0,262.0,305.0,262.0,15.9,14.8,228.0,1790.0,1500.0,117.0,228.0,1790.0,1500.0,117.0,368000.0
HSS,,113.0,13500,305.0,269.0,305.0,269.0,12.7,11.8,190.0,1470.0,1250.0,119.0,190.0,1470.0,1250.0,119.0,303000.0
HSS,,86.3,10300,305.0,279.0,305.0,279.0,9.53,8.86,149.0,1130.0,975.0,120.0,149.0,1130.0,975.0,120.0,234000.0
HSS,,72.6,8650,305.0,282.0,305.0,282.0,7.94,7.39,127.0,960.0,831.0,121.0,127.0,960.0,831.0,121.0,197000.0
HSS,,58.6,6970,305.0,287.0,305.0,287.0,6.35,5.92,103.0,780.0,678.0,122.0,103.0,780.0,678.0,122.0,160000.0
HSS,,44.4,5260,305.0,292.0,305.0,292.0,4.76,4.42,78.7,590.0,516.0,122.0,78.7,590.0,516.0,122.0,121000.0
HSS,,126.0,15000,305.0,262.0,254.0,210.0,15.9,14.8,196.0,1560.0,1290.0,114.0,148.0,1380.0,1170.0,99.1,275000.0
HSS,,103.0,12300,305.0,269.0,254.0,218.0,12.7,11.8,164.0,1290.0,1080.0,116.0,124.0,1140.0,978.0,101.0,227000.0
HSS,,78.8,9420,305.0,279.0,254.0,227.0,9.53,8.86,129.0,1000.0,846.0,117.0,97.4,885.0,769.0,102.0,175000.0
HSS,,66.4,7870,305.0,282.0,254.0,232.0,7.94,7.39,110.0,847.0,721.0,118.0,83.2,749.0,655.0,103.0,148000.0
HSS,,53.6,6390,305.0,287.0,254.0,236.0,6.35,5.92,89.9,690.0,590.0,119.0,68.3,610.0,536.0,103.0,120000.0
HSS,,40.6,4810,305.0,292.0,254.0,241.0,4.78,4.42,68.7,523.0,451.0,119.0,52.0,462.0,410.0,104.0,91200.0
HSS,,113.0,13500,305.0,262.0,203.0,159.0,15.9,14.8,165.0,1350.0,1080.0,110.0,87.4,1010.0,860.0,80.3,189000.0
HSS,,92.7,11100,305.0,269.0,203.0,168.0,12.7,11.8,139.0,1120.0,911.0,112.0,74.1,844.0,728.0,81.5,157000.0
HSS,,71.2,8520,305.0,279.0,203.0,177.0,9.53,8.86,109.0,869.0,716.0,114.0,58.3,657.0,575.0,83.1,122000.0
HSS,,60.1,7160,305.0,282.0,203.0,181.0,7.94,7.39,93.2,736.0,613.0,114.0,49.9,559.0,493.0,83.6,103000.0
HSS,,48.5,5780,305.0,287.0,203.0,185.0,6.35,5.92,76.6,600.0,501.0,115.0,41.1,456.0,405.0,84.3,84100.0
HSS,,36.9,4360,305.0,292.0,203.0,190.0,4.77,4.42,58.3,456.0,383.0,116.0,31.5,346.0,310.0,85.1,63700.0
HSS,,101.0,12100,305.0,262.0,152.0,108.0,15.9,14.8,134.0,1130.0,875.0,105.0,44.5,690.0,582.0,60.7,113000.0
HSS,,82.6,9870,305.0,269.0,152.0,117.0,12.7,11.8,113.0,941.0,741.0,107.0,37.9,577.0,498.0,62.0,94500.0
HSS,,63.6,7610,305.0,279.0,152.0,126.0,9.53,8.86,89.5,734.0,588.0,109.0,30.3,454.0,398.0,63.2,74100.0
HSS,,53.7,6400,305.0,282.0,152.0,130.0,7.94,7.39,76.6,624.0,503.0,109.0,26.1,387.0,342.0,64.0,63300.0
HSS,,43.4,5180,305.0,287.0,152.0,135.0,6.35,5.92,62.9,510.0,413.0,110.0,21.6,316.0,283.0,64.5,51600.0
HSS,,33.1,3910,305.0,292.0,152.0,139.0,4.76,4.42,48.3,388.0,318.0,111.0,16.6,241.0,218.0,65.3,39400.0
HSS,,88.0,10600,305.0,262.0,102.0,57.4,15.9,14.8,102.0,909.0,669.0,98.3,16.8,401.0,331.0,39.9,50800.0
HSS,,72.5,8710,305.0,269.0,102.0,66.0,12.7,11.8,87.4,765.0,572.0,100.0,14.7,342.0,290.0,41.1,43700.0
HSS,,56.0,6710,305.0,279.0,102.0,74.9,9.53,8.86,69.9,601.0,459.0,102.0,12.0,272.0,238.0,42.4,35000.0
HSS,,47.4,5650,305.0,282.0,102.0,79.5,7.94,7.39,59.9,513.0,395.0,103.0,10.5,233.0,206.0,43.2,30100.0
HSS,,38.4,4580,305.0,287.0,102.0,83.8,6.35,5.92,49.5,420.0,326.0,104.0,8.74,192.0,172.0,43.7,24900.0
HSS,,29.3,3460,305.0,292.0,102.0,88.4,4.76,4.42,38.2,321.0,251.0,105.0,6.83,147.0,134.0,44.5,19200.0
HSS,,44.2,5270,305.0,282.0,76.2,54.1,7.94,7.39,51.6,457.0,339.0,99.1,5.45,164.0,143.0,32.3,17200.0
HSS,,35.8,4280,305.0,287.0,76.2,58.4,6.35,5.92,42.9,375.0,282.0,100.0,4.62,136.0,121.0,32.8,14400.0
HSS,,27.4,3240,305.0,292.0,76.2,63.0,4.76,4.42,33.1,287.0,218.0,101.0,3.63,105.0,95.2,33.5,11200.0
HSS,,41.0,4900,305.0,282.0,50.8,28.7,7.94,7.39,43.3,401.0,285.0,94.2,2.12,99.1,83.6,20.8,7330.0
HSS,,33.3,3980,305.0,287.0,50.8,33.0,6.35,5.92,36.2,329.0,238.0,95.3,1.84,83.2,72.3,21.5,6290.0
HSS,,25.4,3010,305.0,292.0,50.8,37.6,4.76,4.42,28.1,254.0,184.0,96.5,1.48,65.1,58.2,22.1,4990.0
HSS,,133.0,15900,254.0,201.0,254.0,201.0,19.1,17.7,144.0,1390.0,1140.0,95.3,144.0,1390.0,1140.0,95.3,241000.0
HSS,,113.0,13500,254.0,210.0,254.0,210.0,15.9,14.8,127.0,1200.0,996.0,96.5,127.0,1200.0,996.0,96.5,207000.0
HSS,,92.7,11100,254.0,218.0,254.0,218.0,12.7,11.8,107.0,995.0,839.0,98.0,107.0,995.0,839.0,98.0,171000.0
HSS,,71.2,8520,254.0,227.0,254.0,227.0,9.53,8.86,84.1,773.0,662.0,99.6,84.1,773.0,662.0,99.6,133000.0
HSS,,60.0,7160,254.0,232.0,254.0,232.0,7.94,7.39,71.6,657.0,565.0,100.0,71.6,657.0,565.0,100.0,113000.0
HSS,,48.5,5780,254.0,236.0,254.0,236.0,6.35,5.92,58.7,536.0,464.0,101.0,58.7,536.0,464.0,101.0,91600.0
HSS,,36.8,4360,254.0,241.0,254.0,241.0,4.76,4.42,45.0,406.0,354.0,102.0,45.0,406.0,354.0,102.0,69500.0
HSS,,101.0,12100,254.0,210.0,203.0,159.0,15.9,14.8,105.0,1020.0,828.0,93.5,74.1,873.0,729.0,78.5,144000.0
HSS,,82.6,9870,254.0,218.0,203.0,168.0,12.7,11.8,89.1,850.0,700.0,94.7,62.9,729.0,619.0,79.8,120000.0
HSS,,63.6,7610,254.0,227.0,203.0,177.0,9.53,8.86,70.3,664.0,556.0,96.3,49.9,570.0,492.0,81.0,93200.0
HSS,,53.7,6400,254.0,232.0,203.0,181.0,7.94,7.39,60.4,564.0,475.0,97.0,42.9,485.0,421.0,81.8,79100.0
HSS,,43.4,5180,254.0,236.0,203.0,185.0,6.35,5.92,49.5,460.0,390.0,97.8,35.3,397.0,347.0,82.6,64500.0
HSS,,33.1,3910,254.0,241.0,203.0,190.0,4.76,4.42,38.0,351.0,300.0,98.6,27.1,302.0,267.0,83.3,49100.0
HSS,,88.0,10600,254.0,210.0,152.0,108.0,15.9,14.8,83.7,841.0,659.0,88.9,37.2,587.0,488.0,59.4,87000.0
HSS,,72.5,8710,254.0,218.0,152.0,117.0,12.7,11.8,71.2,705.0,562.0,90.7,32.0,493.0,420.0,60.7,73300.0
HSS,,56.0,6710,254.0,227.0,152.0,126.0,9.53,8.86,57.0,554.0,449.0,92.2,25.7,388.0,338.0,62.0,57900.0
HSS,,47.4,5650,254.0,232.0,152.0,130.0,7.94,7.39,49.1,472.0,385.0,93.0,22.2,331.0,292.0,62.7,49100.0
HSS,,38.4,4580,254.0,236.0,152.0,135.0,6.35,5.92,40.3,387.0,318.0,93.7,18.4,272.0,241.0,63.2,40200.0
HSS,,29.3,3460,254.0,241.0,152.0,139.0,4.76,4.42,31.1,295.0,244.0,94.7,14.2,208.0,187.0,64.0,30700.0
HSS,,52.2,6240,254.0,227.0,127.0,100.0,9.53,8.86,49.9,498.0,395.0,89.7,16.9,306.0,265.0,52.1,41600.0
HSS,,44.2,5270,254.0,232.0,127.0,105.0,7.94,7.39,43.3,426.0,341.0,90.4,14.7,262.0,231.0,52.6,35800.0
HSS,,35.8,4280,254.0,236.0,127.0,109.0,6.35,5.92,35.7,349.0,282.0,91.4,12.2,216.0,192.0,53.3,29400.0
HSS,,75.3,9030,254.0,210.0,102.0,57.4,15.9,14.8,62.0,660.0,490.0,82.8,13.9,338.0,275.0,39.1,39800.0
HSS,,62.4,7480,254.0,218.0,102.0,66.0,12.7,11.8,53.7,559.0,423.0,84.8,12.3,288.0,241.0,40.4,34400.0
HSS,,48.4,5790,254.0,227.0,102.0,74.9,9.53,8.86,43.3,442.0,341.0,86.6,10.1,229.0,198.0,41.7,27700.0
HSS,,41.0,4900,254.0,232.0,102.0,79.5,7.94,7.39,37.5,379.0,295.0,87.4,8.82,198.0,174.0,42.4,23900.0
HSS,,33.3,3980,254.0,236.0,102.0,83.8,6.35,5.92,31.1,311.0,244.0,88.4,7.37,164.0,145.0,43.2,19700.0
HSS,,25.4,3010,254.0,241.0,102.0,88.4,4.76,4.42,24.1,239.0,190.0,89.4,5.79,126.0,114.0,43.7,15200.0
HSS,,17.2,2040,254.0,245.0,102.0,92.7,3.18,2.95,16.6,164.0,131.0,90.2,4.02,86.2,79.1,44.5,10400.0
HSS,,46.5,5560,254.0,227.0,88.9,62.2,9.53,8.86,40.0,415.0,315.0,84.8,7.41,193.0,167.0,36.6,21400.0
HSS,,39.5,4710,254.0,232.0,88.9,66.8,7.94,7.39,34.6,356.0,272.0,85.9,6.49,167.0,146.0,37.1,18600.0
HSS,,32.0,3830,254.0,236.0,88.9,71.1,6.35,5.92,28.8,293.0,226.0,86.6,5.45,138.0,123.0,37.8,15400.0
HSS,,24.5,2900,254.0,241.0,88.9,75.7,4.76,4.42,22.3,225.0,175.0,87.6,4.29,107.0,96.5,38.4,11900.0
HSS,,44.6,5340,254.0,227.0,76.2,49.5,9.53,8.86,36.6,388.0,288.0,82.8,5.16,159.0,136.0,31.0,15700.0
HSS,,37.9,4520,254.0,232.0,76.2,54.1,7.94,7.39,31.8,333.0,251.0,83.8,4.58,138.0,120.0,31.8,13700.0
HSS,,30.8,3680,254.0,236.0,76.2,58.4,6.35,5.92,26.5,274.0,208.0,84.8,3.86,115.0,101.0,32.5,11500.0
HSS,,23.5,2790,254.0,241.0,76.2,63.0,4.76,4.42,20.6,210.0,162.0,85.9,3.05,88.7,80.1,33.0,8950.0
HSS,,15.9,1890,254.0,245.0,76.2,67.3,3.18,2.95,14.2,144.0,112.0,86.9,2.15,61.3,56.4,33.8,6200.0
HSS,,40.8,4890,254.0,227.0,50.8,24.2,9.53,8.86,29.8,333.0,234.0,78.2,1.96,94.4,77.0,20.0,6620.0
HSS,,34.7,4150,254.0,232.0,50.8,28.7,7.94,7.39,26.1,287.0,205.0,79.2,1.76,82.9,69.5,20.6,5910.0
HSS,,28.3,3380,254.0,236.0,50.8,33.0,6.35,5.92,21.9,236.0,172.0,80.5,1.53,69.8,60.1,21.3,5080.0
HSS,,21.6,2570,254.0,241.0,50.8,37.6,4.76,4.42,17.1,182.0,134.0,81.5,1.24,54.7,48.7,21.9,4050.0
HSS,,14.7,1740,254.0,245.0,50.8,41.9,3.18,2.95,11.9,125.0,93.4,82.6,0.891,38.2,35.1,22.6,2870.0
HSS,,101.0,12100,229.0,184.0,229.0,184.0,15.9,14.8,89.9,952.0,785.0,86.4,89.9,952.0,785.0,86.4,148000.0
HSS,,82.6,9870,229.0,193.0,229.0,193.0,12.7,11.8,76.2,793.0,665.0,87.6,76.2,793.0,665.0,87.6,123000.0
HSS,,63.6,7610,229.0,202.0,229.0,202.0,9.53,8.86,60.4,619.0,528.0,89.2,60.4,619.0,528.0,89.2,96100.0
HSS,,53.6,6400,229.0,207.0,229.0,207.0,7.94,7.39,51.6,526.0,452.0,89.9,51.6,526.0,452.0,89.9,81600.0
HSS,,43.4,5180,229.0,211.0,229.0,211.0,6.35,5.92,42.5,429.0,372.0,90.4,42.5,429.0,372.0,90.4,66200.0
HSS,,33.0,3910,229.0,215.0,229.0,215.0,4.76,4.42,32.5,328.0,285.0,91.2,32.5,328.0,285.0,91.2,50400.0
HSS,,22.3,2640,229.0,220.0,229.0,220.0,3.18,2.95,22.3,223.0,195.0,91.9,22.3,223.0,195.0,91.9,34100.0
HSS,,88.0,10600,229.0,184.0,178.0,134.0,15.9,14.8,72.4,791.0,634.0,82.8,48.7,664.0,549.0,68.1,97800.0
HSS,,72.5,8710,229.0,193.0,178.0,142.0,12.7,11.8,62.0,664.0,541.0,84.3,41.6,557.0,470.0,69.3,82000.0
HSS,,56.0,6710,229.0,202.0,178.0,151.0,9.53,8.86,49.5,521.0,433.0,85.9,33.5,438.0,377.0,70.6,64100.0
HSS,,47.4,5650,229.0,207.0,178.0,156.0,7.94,7.39,42.5,444.0,370.0,86.6,28.8,374.0,324.0,71.4,54500.0
HSS,,38.4,4580,229.0,211.0,178.0,160.0,6.35,5.92,35.0,364.0,306.0,87.4,23.8,306.0,267.0,72.1,44500.0
HSS,,29.3,3460,229.0,215.0,178.0,165.0,4.76,4.42,26.9,277.0,236.0,88.1,18.4,234.0,206.0,72.9,34000.0
HSS,,75.3,9030,229.0,184.0,127.0,82.8,15.9,14.8,55.4,631.0,485.0,78.2,21.6,415.0,341.0,48.8,53300.0
HSS,,62.4,7480,229.0,193.0,127.0,91.4,12.7,11.8,47.9,533.0,418.0,79.8,18.8,352.0,297.0,50.0,45400.0
HSS,,48.4,5790,229.0,202.0,127.0,100.0,9.53,8.86,38.5,421.0,336.0,81.5,15.3,280.0,241.0,51.6,36200.0
HSS,,41.0,4900,229.0,207.0,127.0,105.0,7.94,7.39,33.2,361.0,290.0,82.3,13.3,239.0,210.0,52.1,31000.0
HSS,,33.3,3980,229.0,211.0,127.0,109.0,6.35,5.92,27.5,297.0,241.0,83.1,11.1,197.0,174.0,52.8,25500.0
HSS,,25.4,3010,229.0,215.0,127.0,114.0,4.76,4.42,21.3,226.0,187.0,84.1,8.62,152.0,136.0,53.3,19500.0
HSS,,52.2,6280,229.0,193.0,76.2,40.6,12.7,11.8,33.6,403.0,295.0,73.2,5.49,177.0,144.0,29.7,16600.0
HSS,,40.8,4890,229.0,202.0,76.2,49.5,9.53,8.86,27.6,323.0,241.0,75.2,4.66,144.0,122.0,30.7,13800.0
HSS,,34.7,4150,229.0,207.0,76.2,54.1,7.94,7.39,24.0,277.0,210.0,76.2,4.11,125.0,108.0,31.5,12000.0
HSS,,28.3,3380,229.0,211.0,76.2,58.4,6.35,5.92,20.1,229.0,175.0,77.2,3.49,104.0,91.6,32.3,10100.0
HSS,,21.6,2570,229.0,215.0,76.2,63.0,4.76,4.42,15.7,177.0,137.0,78.0,2.76,80.6,72.4,32.8,7870.0
HSS,,88.0,10600,203.0,159.0,203.0,159.0,15.9,14.8,60.8,733.0,598.0,75.9,60.8,733.0,598.0,75.9,102000.0
HSS,,72.5,8710,203.0,168.0,203.0,168.0,12.7,11.8,52.0,615.0,511.0,77.2,52.0,615.0,511.0,77.2,84900.0
HSS,,56.0,6710,203.0,177.0,203.0,177.0,9.53,8.86,41.6,482.0,408.0,78.7,41.6,482.0,408.0,78.7,66600.0
HSS,,47.3,5650,203.0,181.0,203.0,181.0,7.94,7.39,35.6,411.0,351.0,79.5,35.6,411.0,351.0,79.5,56600.0
HSS,,38.4,4580,203.0,185.0,203.0,185.0,6.35,5.92,29.4,336.0,290.0,80.0,29.4,336.0,290.0,80.0,46200.0
HSS,,29.2,3460,203.0,190.0,203.0,190.0,4.76,4.42,22.6,257.0,223.0,80.8,22.6,257.0,223.0,80.8,35200.0
HSS,,19.7,2340,203.0,194.0,203.0,194.0,3.18,2.95,15.6,175.0,153.0,81.5,15.6,175.0,153.0,81.5,23900.0
HSS,,75.3,9030,203.0,159.0,152.0,108.0,15.9,14.8,47.5,592.0,467.0,72.4,30.1,483.0,395.0,57.7,62400.0
HSS,,62.4,7480,203.0,168.0,152.0,117.0,12.7,11.8,40.9,500.0,403.0,73.9,26.0,408.0,341.0,58.9,52900.0
HSS,,48.4,5790,203.0,177.0,152.0,126.0,9.53,8.86,32.9,395.0,324.0,75.4,21.1,324.0,277.0,60.5,41600.0
HSS,,41.0,4900,203.0,181.0,152.0,130.0,7.94,7.39,28.4,338.0,280.0,76.2,18.2,277.0,239.0,61.0,35700.0
HSS,,33.3,3980,203.0,185.0,152.0,135.0,6.35,5.92,23.6,277.0,233.0,77.0,15.2,228.0,198.0,61.7,29300.0
HSS,,25.4,3010,203.0,190.0,152.0,139.0,4.76,4.42,18.2,213.0,179.0,77.7,11.7,175.0,154.0,62.5,22400.0
HSS,,62.6,7550,203.0,159.0,102.0,57.4,15.9,14.8,34.1,449.0,336.0,67.1,11.1,272.0,218.0,38.4,29300.0
HSS,,52.2,6280,203.0,168.0,102.0,66.0,12.7,11.8,29.9,385.0,293.0,68.8,9.82,234.0,193.0,39.6,25400.0
HSS,,40.8,4890,203.0,177.0,102.0,74.9,9.53,8.86,24.4,308.0,241.0,70.6,8.16,188.0,161.0,40.9,20500.0
HSS,,34.7,4150,203.0,181.0,102.0,79.5,7.94,7.39,21.2,264.0,210.0,71.6,7.16,162.0,141.0,41.4,17700.0
HSS,,28.3,3380,203.0,185.0,102.0,83.8,6.35,5.92,17.7,218.0,174.0,72.4,5.99,134.0,118.0,42.2,14700.0
HSS,,21.6,2570,203.0,190.0,102.0,88.4,4.76,4.42,13.8,167.0,136.0,73.2,4.7,104.0,92.6,42.9,11300.0
HSS,,14.7,1740,203.0,194.0,102.0,92.7,3.18,2.95,9.53,115.0,93.9,74.2,3.29,71.4,64.7,43.4,7780.0
HSS,,47.2,5680,203.0,168.0,76.2,40.6,12.7,11.8,24.4,328.0,239.0,65.5,4.87,158.0,128.0,29.2,14300.0
HSS,,37.0,4440,203.0,177.0,76.2,49.5,9.53,8.86,20.2,264.0,198.0,67.3,4.16,129.0,109.0,30.5,11900.0
HSS,,31.5,3770,203.0,181.0,76.2,54.1,7.94,7.39,17.6,228.0,174.0,68.3,3.67,112.0,96.2,31.2,10400.0
HSS,,25.7,3080,203.0,185.0,76.2,58.4,6.35,5.92,14.8,188.0,146.0,69.3,3.12,93.4,81.8,31.8,8660.0
HSS,,19.7,2340,203.0,190.0,76.2,63.0,4.76,4.42,11.6,145.0,114.0,70.4,2.47,72.6,64.9,32.5,6740.0
HSS,,13.4,1590,203.0,194.0,76.2,67.3,3.18,2.95,8.03,100.0,79.1,71.1,1.75,50.3,45.9,33.3,4700.0
HSS,,42.3,5080,203.0,168.0,50.8,15.4,12.7,11.8,18.9,270.0,185.0,61.0,1.74,89.6,68.7,18.5,5660.0
HSS,,33.2,3990,203.0,177.0,50.8,24.2,9.53,8.86,15.9,220.0,157.0,63.2,1.55,75.5,61.1,19.7,5040.0
HSS,,28.4,3390,203.0,181.0,50.8,28.7,7.94,7.39,14.0,190.0,138.0,64.3,1.41,66.5,55.4,20.4,4540.0
HSS,,23.2,2770,203.0,185.0,50.8,33.0,6.35,5.92,11.9,159.0,117.0,65.3,1.22,56.2,48.2,21.0,3900.0
HSS,,17.8,2120,203.0,190.0,50.8,37.6,4.76,4.42,9.32,123.0,91.9,66.3,0.995,44.2,39.2,21.7,3110.0
HSS,,12.1,1440,203.0,194.0,50.8,41.9,3.18,2.95,6.53,85.0,64.4,67.3,0.716,31.1,28.2,22.3,2210.0
HSS,,75.3,9030,178.0,134.0,178.0,134.0,15.9,14.8,38.9,542.0,438.0,65.5,38.9,542.0,438.0,65.5,65800.0
HSS,,62.4,7480,178.0,142.0,178.0,142.0,12.7,11.8,33.5,457.0,377.0,66.8,33.5,457.0,377.0,66.8,55400.0
HSS,,48.4,5790,178.0,151.0,178.0,151.0,9.53,8.86,27.1,362.0,305.0,68.3,27.1,362.0,305.0,68.3,43700.0
HSS,,41.0,4900,178.0,156.0,178.0,156.0,7.94,7.39,23.4,310.0,262.0,69.1,23.4,310.0,262.0,69.1,37300.0
HSS,,33.3,3980,178.0,160.0,178.0,160.0,6.35,5.92,19.4,254.0,218.0,69.9,19.4,254.0,218.0,69.9,30600.0
HSS,,25.4,3010,178.0,165.0,178.0,165.0,4.76,4.42,15.0,195.0,169.0,70.4,15.0,195.0,169.0,70.4,23400.0
HSS,,17.2,2040,178.0,169.0,178.0,169.0,3.18,2.95,10.3,133.0,116.0,71.1,10.3,133.0,116.0,71.1,15900.0
HSS,,52.2,6280,178.0,142.0,127.0,91.4,12.7,11.8,25.2,359.0,283.0,63.5,14.8,283.0,233.0,48.5,31600.0
HSS,,40.8,4890,178.0,151.0,127.0,100.0,9.53,8.86,20.6,287.0,231.0,65.0,12.2,226.0,192.0,50.0,25200.0
HSS,,34.7,4150,178.0,156.0,127.0,105.0,7.94,7.39,17.9,246.0,202.0,65.8,10.6,195.0,167.0,50.5,21700.0
HSS,,28.3,3380,178.0,160.0,127.0,109.0,6.35,5.92,14.9,203.0,167.0,66.5,8.87,161.0,140.0,51.3,17900.0
HSS,,21.6,2570,178.0,165.0,127.0,114.0,4.76,4.42,11.6,156.0,130.0,67.3,6.91,124.0,109.0,52.1,13700.0
HSS,,14.7,1740,178.0,169.0,127.0,118.0,3.18,2.95,8.03,107.0,90.5,68.1,4.83,85.2,75.9,52.6,9370.0
HSS,,47.2,5680,178.0,142.0,102.0,66.0,12.7,11.8,21.1,308.0,238.0,61.0,8.62,206.0,170.0,38.9,21000.0
HSS,,37.0,4440,178.0,151.0,102.0,74.9,9.53,8.86,17.4,247.0,195.0,62.5,7.2,167.0,141.0,40.1,17100.0
HSS,,31.5,3770,178.0,156.0,102.0,79.5,7.94,7.39,15.2,215.0,170.0,63.5,6.33,145.0,124.0,40.9,14700.0
HSS,,25.7,3080,178.0,160.0,102.0,83.8,6.35,5.92,12.7,177.0,143.0,64.3,5.33,120.0,105.0,41.7,12200.0
HSS,,19.7,2340,178.0,165.0,102.0,88.4,4.76,4.42,9.91,137.0,112.0,65.0,4.16,92.9,82.3,42.2,9450.0
HSS,,13.4,1590,178.0,169.0,102.0,92.7,3.18,2.95,6.91,93.9,77.5,65.8,2.93,64.1,57.5,42.9,6490.0
HSS,,42.1,5080,178.0,142.0,76.2,40.6,12.7,11.8,16.9,259.0,190.0,57.7,4.25,139.0,111.0,29.0,11900.0
HSS,,33.2,3990,178.0,151.0,76.2,49.5,9.53,8.86,14.2,210.0,159.0,59.7,3.63,114.0,95.2,30.2,9950.0
HSS,,28.4,3390,178.0,156.0,76.2,54.1,7.94,7.39,12.4,182.0,140.0,60.5,3.22,99.1,84.6,30.7,8700.0
HSS,,23.2,2770,178.0,160.0,76.2,58.4,6.35,5.92,10.5,151.0,118.0,61.5,2.75,82.9,72.1,31.5,7280.0
HSS,,17.8,2120,178.0,165.0,76.2,63.0,4.76,4.42,8.24,117.0,92.6,62.2,2.18,64.6,57.4,32.0,5700.0
HSS,,12.1,1440,178.0,169.0,76.2,67.3,3.18,2.95,5.74,80.8,64.7,63.2,1.54,44.7,40.6,32.8,3950.0
HSS,,20.7,2480,178.0,160.0,50.8,33.0,6.35,5.92,8.24,125.0,92.9,57.7,1.07,49.5,42.3,20.8,3310.0
HSS,,15.9,1890,178.0,165.0,50.8,37.6,4.76,4.42,6.53,97.5,73.6,58.7,0.874,39.2,34.4,21.5,2640.0
HSS,,10.9,1290,178.0,169.0,50.8,41.9,3.18,2.95,4.62,67.7,51.8,59.7,0.633,27.5,24.9,22.1,1880.0
HSS,,62.6,7550,152.0,108.0,152.0,108.0,15.9,14.8,23.0,380.0,302.0,55.1,23.0,380.0,302.0,55.1,39500.0
HSS,,52.2,6280,152.0,117.0,152.0,117.0,12.7,11.8,20.1,324.0,264.0,56.6,20.1,324.0,264.0,56.6,33800.0
HSS,,40.8,4890,152.0,126.0,152.0,126.0,9.53,8.86,16.4,259.0,216.0,57.9,16.4,259.0,216.0,57.9,26900.0
HSS,,34.6,4150,152.0,130.0,152.0,130.0,7.94,7.39,14.3,223.0,187.0,58.7,14.3,223.0,187.0,58.7,23100.0
HSS,,28.3,3380,152.0,135.0,152.0,135.0,6.35,5.92,11.9,184.0,156.0,59.4,11.9,184.0,156.0,59.4,19000.0
HSS,,21.6,2570,152.0,139.0,152.0,139.0,4.76,4.42,9.28,141.0,122.0,60.2,9.28,141.0,122.0,60.2,14600.0
HSS,,14.7,1740,152.0,144.0,152.0,144.0,3.18,2.95,6.45,97.0,84.4,60.7,6.45,97.0,84.4,60.7,9950.0
HSS,,47.2,5680,152.0,117.0,127.0,91.4,12.7,11.8,17.1,282.0,225.0,54.9,12.8,249.0,202.0,47.5,24900.0
HSS,,37.0,4440,152.0,126.0,127.0,100.0,9.53,8.86,14.1,226.0,185.0,56.4,10.6,200.0,167.0,48.8,20000.0
HSS,,31.5,3770,152.0,130.0,127.0,105.0,7.94,7.39,12.3,195.0,161.0,57.2,9.28,172.0,146.0,49.5,17200.0
HSS,,25.7,3080,152.0,135.0,127.0,109.0,6.35,5.92,10.3,162.0,135.0,57.9,7.78,143.0,122.0,50.3,14200.0
HSS,,19.7,2340,152.0,139.0,127.0,114.0,4.76,4.42,8.03,125.0,106.0,58.7,6.08,110.0,95.7,51.1,10900.0
HSS,,13.4,1590,152.0,144.0,127.0,118.0,3.18,2.95,5.58,85.9,73.4,59.4,4.25,75.9,66.7,51.6,7490.0
HSS,,42.1,5080,152.0,117.0,102.0,66.0,12.7,11.8,14.2,239.0,185.0,52.8,7.41,180.0,146.0,38.1,16800.0
HSS,,33.2,3990,152.0,126.0,102.0,74.9,9.53,8.86,11.8,195.0,155.0,54.4,6.2,147.0,122.0,39.4,13700.0
HSS,,28.4,3390,152.0,130.0,102.0,79.5,7.94,7.39,10.3,169.0,136.0,55.1,5.49,127.0,108.0,40.1,11800.0
HSS,,23.2,2770,152.0,135.0,102.0,83.8,6.35,5.92,8.7,140.0,114.0,55.9,4.62,106.0,91.1,40.9,9820.0
HSS,,17.8,2120,152.0,139.0,102.0,88.4,4.76,4.42,6.83,108.0,89.5,56.6,3.65,81.9,71.8,41.4,7580.0
HSS,,12.1,1440,152.0,144.0,102.0,92.7,3.18,2.95,4.75,74.7,62.4,57.4,2.56,56.7,50.5,42.2,5240.0
HSS,,37.1,4480,152.0,117.0,76.2,40.6,12.7,11.8,11.2,198.0,147.0,50.0,3.62,119.0,94.9,28.4,9610.0
HSS,,29.4,3540,152.0,126.0,76.2,49.5,9.53,8.86,9.45,162.0,124.0,51.8,3.11,98.8,81.8,29.7,8030.0
HSS,,25.2,3020,152.0,130.0,76.2,54.1,7.94,7.39,8.37,141.0,110.0,52.6,2.78,86.4,72.9,30.2,7030.0
HSS,,20.7,2480,152.0,135.0,76.2,58.4,6.35,5.92,7.08,118.0,92.8,53.3,2.37,72.3,62.3,31.0,5910.0
HSS,,15.9,1890,152.0,139.0,76.2,63.0,4.76,4.42,5.58,91.6,73.3,54.4,1.89,56.5,49.7,31.8,4620.0
HSS,,10.9,1290,152.0,144.0,76.2,67.3,3.18,2.95,3.93,63.4,51.5,55.1,1.34,39.3,35.2,32.3,3220.0
HSS,,25.6,3080,152.0,126.0,50.8,24.2,9.53,8.86,7.12,130.0,93.6,48.0,1.15,56.7,45.4,19.3,3500.0
HSS,,22.0,2650,152.0,130.0,50.8,28.7,7.94,7.39,6.37,114.0,83.7,49.0,1.05,50.3,41.3,19.9,3160.0
HSS,,18.1,2170,152.0,135.0,50.8,33.0,6.35,5.92,5.45,95.7,71.6,50.0,0.92,42.8,36.2,20.6,2730.0
HSS,,14.0,1660,152.0,139.0,50.8,37.6,4.76,4.42,4.37,75.1,57.2,51.1,0.749,33.9,29.5,21.2,2180.0
HSS,,9.59,1140,152.0,144.0,50.8,41.9,3.18,2.95,3.09,52.3,40.5,52.1,0.545,23.9,21.5,21.9,1550.0
HSS,,37.0,4440,140.0,113.0,140.0,113.0,9.53,8.86,12.4,215.0,177.0,52.8,12.4,215.0,177.0,52.8,20400.0
HSS,,31.5,3770,140.0,118.0,140.0,118.0,7.94,7.39,10.8,185.0,155.0,53.6,10.8,185.0,155.0,53.6,17600.0
HSS,,25.7,3080,140.0,122.0,140.0,122.0,6.35,5.92,9.03,153.0,129.0,54.1,9.03,153.0,129.0,54.1,14500.0
HSS,,19.7,2340,140.0,126.0,140.0,126.0,4.76,4.42,7.08,118.0,101.0,54.9,7.08,118.0,101.0,54.9,11100.0
HSS,,13.4,1590,140.0,131.0,140.0,131.0,3.18,2.95,4.91,81.1,70.5,55.6,4.91,81.1,70.5,55.6,7620.0
HSS,,42.1,5080,127.0,91.4,127.0,91.4,12.7,11.8,10.8,215.0,170.0,46.2,10.8,215.0,170.0,46.2,18600.0
HSS,,33.2,3990,127.0,100.0,127.0,100.0,9.53,8.86,9.03,174.0,142.0,47.5,9.03,174.0,142.0,47.5,15000.0
HSS,,28.3,3390,127.0,105.0,127.0,105.0,7.94,7.39,7.91,150.0,125.0,48.3,7.91,150.0,125.0,48.3,13000.0
HSS,,23.2,2770,127.0,109.0,127.0,109.0,6.35,5.92,6.66,125.0,105.0,49.0,6.66,125.0,105.0,49.0,10700.0
HSS,,17.8,2120,127.0,114.0,127.0,114.0,4.76,4.42,5.24,96.5,82.4,49.8,5.24,96.5,82.4,49.8,8280.0
HSS,,12.1,1440,127.0,118.0,127.0,118.0,3.18,2.95,3.66,66.7,57.7,50.5,3.66,66.7,57.7,50.5,5700.0
HSS,,37.1,4480,127.0,91.4,102.0,66.0,12.7,11.8,8.82,179.0,139.0,44.5,6.2,153.0,122.0,37.1,12600.0
HSS,,29.4,3540,127.0,100.0,102.0,74.9,9.53,8.86,7.45,147.0,117.0,46.0,5.24,126.0,103.0,38.6,10400.0
HSS,,25.2,3020,127.0,105.0,102.0,79.5,7.94,7.39,6.58,128.0,104.0,46.7,4.62,109.0,91.3,39.1,9030.0
HSS,,20.7,2480,127.0,109.0,102.0,83.8,6.35,5.92,5.58,106.0,87.7,47.5,3.94,91.3,77.5,39.9,7490.0
HSS,,15.9,1890,127.0,114.0,102.0,88.4,4.76,4.42,4.41,82.8,69.2,48.3,3.11,71.1,61.3,40.6,5830.0
HSS,,10.9,1290,127.0,118.0,102.0,92.7,3.18,2.95,3.09,57.4,48.7,49.0,2.19,49.3,43.3,41.1,4020.0
HSS,,32.0,3880,127.0,91.4,76.2,40.6,12.7,11.8,6.83,145.0,108.0,41.9,2.99,100.0,78.3,27.7,7330.0
HSS,,25.6,3080,127.0,100.0,76.2,49.5,9.53,8.86,5.87,120.0,92.6,43.7,2.6,83.6,68.2,29.0,6200.0
HSS,,22.0,2650,127.0,105.0,76.2,54.1,7.94,7.39,5.24,105.0,82.4,44.5,2.33,73.4,61.1,29.7,5450.0
HSS,,18.1,2170,127.0,109.0,76.2,58.4,6.35,5.92,4.45,88.2,70.3,45.2,2.0,61.8,52.6,30.2,4580.0
HSS,,14.0,1660,127.0,114.0,76.2,63.0,4.76,4.42,3.55,69.0,55.9,46.2,1.6,48.5,42.1,31.0,3600.0
HSS,,9.59,1140,127.0,118.0,76.2,67.3,3.18,2.95,2.51,48.0,39.5,47.0,1.14,33.9,30.0,31.8,2510.0
HSS,,16.9,2030,127.0,109.0,63.5,45.7,6.35,5.92,3.91,79.1,61.6,43.9,1.3,48.3,41.0,25.4,3300.0
HSS,,13.1,1550,127.0,114.0,63.5,50.3,4.76,4.42,3.13,62.1,49.3,45.0,1.05,38.2,33.3,25.9,2610.0
HSS,,8.96,1060,127.0,118.0,63.5,54.6,3.18,2.95,2.22,43.4,35.1,45.7,0.758,26.9,23.9,26.7,1830.0
HSS,,21.8,2640,127.0,100.0,50.8,24.2,9.53,8.86,4.33,93.6,67.8,40.4,0.949,47.2,37.4,19.0,2750.0
HSS,,18.8,2270,127.0,105.0,50.8,28.7,7.94,7.39,3.89,82.8,61.3,41.4,0.874,42.1,34.4,19.6,2490.0
HSS,,15.6,1880,127.0,109.0,50.8,33.0,6.35,5.92,3.36,70.0,52.9,42.4,0.766,36.1,30.2,20.2,2150.0
HSS,,12.1,1450,127.0,114.0,50.8,37.6,4.76,4.42,2.71,55.2,42.6,43.2,0.629,28.7,24.7,20.9,1730.0
HSS,,8.33,994,127.0,118.0,50.8,41.9,3.18,2.95,1.94,38.8,30.5,44.2,0.458,20.3,18.0,21.5,1230.0
HSS,,37.1,4480,114.0,78.7,114.0,78.7,12.7,11.8,7.53,167.0,132.0,40.9,7.53,167.0,132.0,40.9,13000.0
HSS,,29.4,3540,114.0,87.6,114.0,87.6,9.53,8.86,6.37,137.0,111.0,42.4,6.37,137.0,111.0,42.4,10700.0
HSS,,25.2,3020,114.0,92.2,114.0,92.2,7.94,7.39,5.62,119.0,98.3,43.2,5.62,119.0,98.3,43.2,9280.0
HSS,,20.7,2480,114.0,96.5,114.0,96.5,6.35,5.92,4.75,99.3,83.2,43.9,4.75,99.3,83.2,43.9,7700.0
HSS,,15.9,1890,114.0,101.0,114.0,101.0,4.76,4.42,3.75,77.2,65.7,44.5,3.75,77.2,65.7,44.5,5990.0
HSS,,10.9,1290,114.0,105.0,114.0,105.0,3.18,2.95,2.64,53.6,46.2,45.2,2.64,53.6,46.2,45.2,4130.0
HSS,,32.0,3880,102.0,66.0,102.0,66.0,12.7,11.8,4.95,126.0,97.8,35.8,4.95,126.0,97.8,35.8,8740.0
HSS,,25.6,3080,102.0,74.9,102.0,74.9,9.53,8.86,4.29,105.0,84.1,37.3,4.29,105.0,84.1,37.3,7280.0
HSS,,22.0,2650,102.0,79.5,102.0,79.5,7.94,7.39,3.8,91.6,74.9,37.8,3.8,91.6,74.9,37.8,6370.0
HSS,,18.1,2170,102.0,83.8,102.0,83.8,6.35,5.92,3.25,76.9,63.9,38.6,3.25,76.9,63.9,38.6,5330.0
HSS,,14.0,1660,102.0,88.4,102.0,88.4,4.76,4.42,2.58,60.1,50.8,39.4,2.58,60.1,50.8,39.4,4160.0
HSS,,9.59,1140,102.0,92.7,102.0,92.7,3.18,2.95,1.83,42.0,36.1,40.1,1.83,42.0,36.1,40.1,2880.0
HSS,,21.8,2640,102.0,74.9,76.2,49.5,9.53,8.86,3.3,83.9,65.1,35.3,2.09,68.5,54.7,28.2,4410.0
HSS,,18.8,2270,102.0,79.5,76.2,54.1,7.94,7.39,2.97,73.9,58.5,36.1,1.88,60.5,49.5,28.7,3920.0
HSS,,15.6,1880,102.0,83.8,76.2,58.4,6.35,5.92,2.56,62.4,50.3,36.8,1.63,51.1,42.8,29.5,3310.0
HSS,,12.1,1450,102.0,88.4,76.2,63.0,4.76,4.42,2.05,49.2,40.5,37.8,1.32,40.3,34.4,30.2,2610.0
HSS,,8.33,994,102.0,92.7,76.2,67.3,3.18,2.95,1.47,34.6,28.8,38.6,0.945,28.3,24.7,30.7,1820.0
HSS,,14.3,1720,102.0,83.8,63.5,45.7,6.35,5.92,2.21,55.4,43.6,35.8,1.05,39.8,33.1,24.7,2410.0
HSS,,11.2,1330,102.0,88.4,63.5,50.3,4.76,4.42,1.79,43.8,35.2,36.6,0.857,31.6,27.0,25.4,1910.0
HSS,,7.7,916,102.0,92.7,63.5,54.6,3.18,2.95,1.29,30.8,25.2,37.3,0.62,22.3,19.5,26.2,1340.0
HSS,,18.0,2190,102.0,74.9,50.8,24.2,9.53,8.86,2.33,62.9,45.9,32.8,0.749,37.9,29.5,18.5,2010.0
HSS,,15.7,1900,102.0,79.5,50.8,28.7,7.94,7.39,2.14,56.2,42.0,33.5,0.695,34.1,27.4,19.2,1830.0
HSS,,13.1,1570,102.0,83.8,50.8,33.0,6.35,5.92,1.87,48.2,36.9,34.5,0.616,29.3,24.3,19.8,1590.0
HSS,,10.2,1220,102.0,88.4,50.8,37.6,4.76,4.42,1.52,38.3,30.0,35.3,0.508,23.4,20.0,20.4,1280.0
HSS,,7.06,839,102.0,92.7,50.8,41.9,3.18,2.95,1.1,27.2,21.6,36.3,0.374,16.7,14.7,21.1,916.0
HSS,,11.8,1430,102.0,83.8,38.1,20.3,6.35,5.92,1.52,41.0,30.0,32.8,0.305,19.8,16.0,14.6,891.0
HSS,,9.27,1100,102.0,88.4,38.1,24.8,4.78,4.42,1.26,32.9,24.7,33.8,0.258,16.1,13.6,15.3,741.0
HSS,,6.44,768,102.0,92.7,38.1,29.2,3.18,2.95,0.92,23.4,18.2,34.5,0.194,11.6,10.2,15.9,541.0
HSS,,21.8,2640,88.9,62.2,88.9,62.2,9.53,8.86,2.7,76.9,60.8,32.0,2.7,76.9,60.8,32.0,4660.0
HSS,,18.8,2270,88.9,66.8,88.9,66.8,7.94,7.39,2.43,67.8,54.7,32.8,2.43,67.8,54.7,32.8,4120.0
HSS,,15.6,1880,88.9,71.1,88.9,71.1,6.35,5.92,2.1,57.4,47.2,33.5,2.1,57.4,47.2,33.5,3480.0
HSS,,12.1,1450,88.9,75.7,88.9,75.7,4.76,4.42,1.69,45.2,37.9,34.3,1.69,45.2,37.9,34.3,2730.0
HSS,,8.33,994,88.9,80.0,88.9,80.0,3.18,2.95,1.21,31.6,27.2,34.8,1.21,31.6,27.2,34.8,1910.0
HSS,,18.0,2190,88.9,62.2,63.5,36.8,9.53,8.86,1.98,58.8,44.5,30.1,1.15,46.3,36.3,23.0,2560.0
HSS,,15.6,1900,88.9,66.8,63.5,41.4,7.94,7.39,1.81,52.5,40.7,30.9,1.06,41.4,33.3,23.6,2300.0
HSS,,13.1,1570,88.9,71.1,63.5,45.7,6.35,5.92,1.58,44.8,35.5,31.7,0.928,35.4,29.2,24.3,1980.0
HSS,,10.2,1220,88.9,75.7,63.5,50.3,4.76,4.42,1.29,35.7,28.9,32.5,0.76,28.3,23.9,25.0,1570.0
HSS,,7.07,839,88.9,80.0,63.5,54.6,3.18,2.95,0.929,25.3,20.9,33.2,0.553,20.1,17.4,25.6,1110.0
HSS,,11.8,1430,88.9,71.1,50.8,33.0,6.35,5.92,1.32,38.7,29.7,30.5,0.541,25.9,21.3,19.5,1320.0
HSS,,9.27,1100,88.9,75.7,50.8,37.6,4.76,4.42,1.09,31.0,24.4,31.2,0.45,20.8,17.7,20.1,1060.0
HSS,,6.43,768,88.9,80.0,50.8,41.9,3.18,2.95,0.791,22.0,17.9,32.3,0.331,14.9,13.0,20.8,762.0
HSS,,10.5,1270,88.9,71.1,38.1,20.3,6.35,5.92,1.06,32.4,23.9,29.0,0.266,17.4,13.9,14.5,745.0
HSS,,8.31,994,88.9,75.7,38.1,24.8,4.76,4.42,0.882,26.2,19.8,29.7,0.226,14.2,11.9,15.1,620.0
HSS,,5.8,690,88.9,80.0,38.1,29.2,3.18,2.95,0.653,18.8,14.7,30.7,0.171,10.3,8.98,15.7,454.0
HSS,,18.0,2190,76.2,49.5,76.2,49.5,9.53,8.86,1.57,53.3,41.3,26.9,1.57,53.3,41.3,26.9,2760.0
HSS,,15.7,1900,76.2,54.1,76.2,54.1,7.94,7.39,1.44,47.5,37.7,27.4,1.44,47.5,37.7,27.4,2470.0
HSS,,13.1,1570,76.2,58.4,76.2,58.4,6.35,5.92,1.26,40.6,32.9,28.2,1.26,40.6,32.9,28.2,2110.0
HSS,,10.2,1220,76.2,63.0,76.2,63.0,4.76,4.42,1.02,32.3,26.9,29.0,1.02,32.3,26.9,29.0,1680.0
HSS,,7.06,839,76.2,67.3,76.2,67.3,3.18,2.95,0.741,22.9,19.5,29.7,0.741,22.9,19.5,29.7,1180.0
HSS,,14.1,1700,76.2,54.1,63.5,41.4,7.94,7.39,1.22,41.1,31.8,26.7,0.907,36.1,28.5,23.1,1810.0
HSS,,11.8,1430,76.2,58.4,63.5,45.7,6.35,5.92,1.07,35.4,28.2,27.4,0.803,31.1,25.2,23.7,1560.0
HSS,,9.27,1100,76.2,63.0,63.5,50.3,4.76,4.42,0.878,28.3,23.1,28.2,0.662,24.9,20.8,24.5,1250.0
HSS,,6.43,768,76.2,67.3,63.5,54.6,3.18,2.95,0.641,20.2,16.9,29.0,0.483,17.9,15.3,25.1,887.0
HSS,,12.5,1520,76.2,54.1,50.8,28.7,7.94,7.39,0.991,34.6,26.1,25.7,0.516,25.9,20.3,18.4,1190.0
HSS,,10.5,1270,76.2,58.4,50.8,33.0,6.35,5.92,0.887,30.0,23.3,26.4,0.462,22.6,18.2,19.1,1050.0
HSS,,8.31,994,76.2,63.0,50.8,37.6,4.76,4.42,0.737,24.3,19.3,27.2,0.388,18.4,15.3,19.8,853.0
HSS,,5.8,690,76.2,67.3,50.8,41.9,3.18,2.95,0.541,17.4,14.2,27.9,0.288,13.2,11.3,20.4,612.0
HSS,,9.26,1120,76.2,58.4,38.1,20.3,6.35,5.92,0.699,24.7,18.4,24.9,0.226,14.9,11.9,14.2,599.0
HSS,,7.36,884,76.2,63.0,38.1,24.8,4.76,4.42,0.591,20.3,15.5,25.9,0.194,12.3,10.2,14.8,504.0
HSS,,5.16,617,76.2,67.3,38.1,29.2,3.18,2.95,0.441,14.7,11.6,26.7,0.148,9.01,7.77,15.5,369.0
HSS,,6.41,768,76.2,63.0,25.4,12.1,4.76,4.42,0.445,16.2,11.7,24.1,0.072,7.08,5.65,9.65,219.0
HSS,,4.53,542,76.2,67.3,25.4,16.6,3.18,2.95,0.34,11.9,8.93,25.1,0.0574,5.33,4.52,10.3,170.0
HSS,,12.5,1520,63.5,41.4,63.5,41.4,7.94,7.39,0.758,30.8,23.9,22.4,0.758,30.8,23.9,22.4,1330.0
HSS,,10.5,1270,63.5,45.7,63.5,45.7,6.35,5.92,0.678,26.7,21.3,23.1,0.678,26.7,21.3,23.1,1160.0
HSS,,8.3,994,63.5,50.3,63.5,50.3,4.76,4.42,0.562,21.6,17.7,23.8,0.562,21.6,17.7,23.8,937.0
HSS,,5.8,690,63.5,54.6,63.5,54.6,3.18,2.95,0.415,15.5,13.1,24.5,0.415,15.5,13.1,24.5,670.0
HSS,,9.26,1120,63.5,45.7,50.8,33.0,6.35,5.92,0.554,22.5,17.4,22.2,0.387,19.2,15.2,18.6,791.0
HSS,,7.36,884,63.5,50.3,50.8,37.6,4.76,4.42,0.466,18.4,14.7,23.0,0.327,15.7,12.9,19.3,645.0
HSS,,5.16,617,63.5,54.6,50.8,41.9,3.18,2.95,0.347,13.3,10.9,23.7,0.245,11.4,9.65,19.9,466.0
HSS,,8.0,974,63.5,45.7,38.1,20.3,6.35,5.92,0.429,18.2,13.5,21.0,0.187,12.5,9.82,13.9,458.0
HSS,,6.41,768,63.5,50.3,38.1,24.8,4.76,4.42,0.367,15.0,11.6,21.8,0.162,10.4,8.52,14.5,387.0
HSS,,4.53,542,63.5,54.6,38.1,29.2,3.18,2.95,0.278,11.0,8.77,22.7,0.125,7.69,6.54,15.2,286.0
HSS,,5.46,658,63.5,50.3,25.4,12.1,4.76,4.42,0.269,11.7,8.47,20.2,0.0595,5.9,4.67,9.5,171.0
HSS,,3.9,467,63.5,54.6,25.4,16.6,3.18,2.95,0.209,8.72,6.6,21.2,0.0479,4.49,3.77,10.1,134.0
HSS,,9.26,1120,57.2,39.4,57.2,39.4,6.35,5.92,0.47,21.0,16.6,20.5,0.47,21.0,16.6,20.5,816.0
HSS,,7.35,884,57.2,43.9,57.2,43.9,4.76,4.42,0.397,17.0,13.9,21.2,0.397,17.0,13.9,21.2,666.0
HSS,,5.16,617,57.2,48.3,57.2,48.3,3.18,2.95,0.296,12.4,10.4,21.9,0.296,12.4,10.4,21.9,479.0
HSS,,8.0,974,50.8,33.0,50.8,33.0,6.35,5.92,0.311,15.8,12.2,17.9,0.311,15.8,12.2,17.9,545.0
HSS,,6.4,768,50.8,37.6,50.8,37.6,4.76,4.42,0.267,13.1,10.5,18.6,0.267,13.1,10.5,18.6,454.0
HSS,,4.53,542,50.8,41.9,50.8,41.9,3.18,2.95,0.202,9.57,7.96,19.3,0.202,9.57,7.96,19.3,331.0
HSS,,5.46,658,50.8,37.6,38.1,24.8,4.76,4.42,0.206,10.5,8.11,17.7,0.13,8.54,6.83,14.1,276.0
HSS,,3.9,467,50.8,41.9,38.1,29.2,3.18,2.95,0.159,7.78,6.28,18.5,0.102,6.37,5.33,14.8,206.0
HSS,,4.51,545,50.8,37.6,25.4,12.1,4.76,4.42,0.146,7.87,5.74,16.3,0.0466,4.72,3.69,9.27,125.0
HSS,,3.26,392,50.8,41.9,25.4,16.6,3.18,2.95,0.117,6.0,4.59,17.2,0.0384,3.65,3.02,9.91,99.1
HSS,,5.52,671,38.1,20.3,38.1,20.3,6.35,5.92,0.108,7.69,5.67,12.7,0.108,7.69,5.67,12.7,196.0
HSS,,4.52,545,38.1,24.8,38.1,24.8,4.78,4.42,0.0982,6.65,5.16,13.4,0.0982,6.65,5.16,13.4,172.0
HSS,,3.27,392,38.1,29.2,38.1,29.2,3.18,2.95,0.0783,5.06,4.11,14.1,0.0783,5.06,4.11,14.1,132.0
